{"train/loss": 0.1391, "train/learning_rate": 3e-05, "train/epoch": 10.0, "train/global_step": 300, "_timestamp": 1685290855.1852598, "_runtime": 27.435913801193237, "_step": 30, "train/train_runtime": 29.1072, "train/train_samples_per_second": 164.908, "train/train_steps_per_second": 10.307, "train/total_flos": 88206788505600.0, "train/train_loss": 0.6945826415220896, "_wandb": {"runtime": 30}}