{"train/loss": 0.5806, "train/learning_rate": 1e-05, "train/epoch": 3.0, "train/global_step": 105, "_timestamp": 1685301191.344933, "_runtime": 164.37248301506042, "_step": 21, "train/train_runtime": 7.9154, "train/train_samples_per_second": 212.243, "train/train_steps_per_second": 13.265, "train/total_flos": 30872375976960.0, "train/train_loss": 1.4540574482509068, "_wandb": {"runtime": 775}}